source,division,unit,department,job_title,job_grade,job_category,job_objective,responsibilities,num_responsibilities
JD,Retail & Branch Banking,Branch,District,Branch Manager Special Branch,15.0,Middle Level Management: MLM,"To ensure the overall Banking operation activities of the branch performed as per the Banks policy, procedure, guideline and other pertinent regulation to achieve the Banks vision and strategic objectives.","['Plan, coordinate and manage the overall Banking operation activities in the branch', 'Set annual operational plan and operational budget of the branch for retail, wholesale and IFB businesses; and digital banking channels', 'Create awareness and clarity to staff of the branch about the Banks strategy, plans and corporate views', 'Ensure required resources are satisfied at the branch', 'Conduct daily sales and operational huddle and weekly meetings with staff of the Branch', 'Establish and lead sales, service, and operation teams of the branch', 'Oversee lobby area is managed by staff of the Bank with good knowledge of products & services and having good communication skill', 'Oversee the branch maintains sufficient cash balance within the cash holding limits', 'Oversee security operations and personnels of the branch', 'Make operational risk identification, assessment, measurement and put in place controlling and mitigation mechanisms, and report operational risks to district office regularly', 'Ensure the branch appearance is suitable to provide sales, service and operational activities', 'Review and guide periodic sales target and strategy of the branch', 'Create partnership with individuals, organizations and institutions for customer acquisition', 'Ensure the Banks distribution channels (branch, digital, agents, merchants, etc.) perform as planned/designed and identify challenges, resolve any challenges or escalate to the District organ for support', 'Identify unmet needs of customer which are beyond the influence of the branch and escalate to the District and HO organs', 'Ensure in-branch transactions are minimized as much as possible', 'Ensure ATMs maintain the minimum acceptable uptime at all times and ATM reconciliation is performed latest by the next business day', 'Ensure clear separation of conventional and IFB operations at the branch', 'Have a coaching and feedback session with branch staff directly reporting to him/her', 'Identify and address major sales and operational challenges', 'Ensure customer and transactional records are kept up-to-date', 'Sign on loan and mortgage contracts with customers and staff of the Bank', 'Keep safe custody of loan security items (e.g. LHC, vehicle certificate of ownership, etc.)', 'Ensure suspense accounts of the branch are at acceptable level', 'Keep non-performing loans position of the branch is zero or within tolerable limit', 'Lead marketers and sales agent of the branch', 'Ensure customer queries and complaints are properly handled in time', 'Analyze customer complaints and take strategic action to minimize future instances', 'Facilitate efficient and high-quality service to customers', 'Manage and maintains positive relationship with customers and staffs', 'Promote new and existing Banks products, service and alternative channels to the customers', 'Promote the Banks image through pro-active handling of customer needs and maximizes their satisfaction', 'Ensure that all performers comply with regulatory standards, Banks policies, procedure, code of conduct and practices', 'Ensure the fulfillment of overall tasks that have given to execute customer-focused service in the process', 'Adhere strictly to compliance and operational risk controls in accordance with the Banks and regulatory standards, policies and practices', 'Ensure that tasks are completed to the agreed standards', 'Work closely with the branch teams in annual plan development, implementation, and quality assurance', 'Enhance the Branchs competitive position', 'Control, review and consolidate Branchs budget', 'Perform regular assessment of all branch related work practices', 'Evaluate annual plans, such as operational plan and performance targets', 'Support Branch staff in developing, managing, and enhancing customer relationships', 'Ensure compliance and monitoring is in place in accordance with Banks policies, procedures, and guidelines; and rules, regulations, and standards', 'Regularly reports to concerned district organs about the branchs operation, performance, challenges and risks.', 'Ensures directions given by HO and District organs are strictly implemented in the branch', 'Collaborates with other branch managers of the Bank to facilitate coordination and integration', 'Develop staff capacity development through coaching and mentoring and facilitate formal training', 'Instill corporate thinking in staff of the branch', 'Ensure timely rectification of audit findings', 'Check and approves balance confirmation as appropriate', 'Represent the Bank in social and official affairs and handle correspondences', 'Co-work with Client Service Team at District and HO', 'Ensure that all document related to Credit and International Banking are properly and timely forwarded to the respective processing centers', 'Give weekly, monthly and quarterly monthly performance target to staff directly reporting to him/her', 'Perform other assigned duties.']",55
JD,Retail & Branch Banking,Branch,District,Branch Business Manager,13.0,,"To ensure the effectiveness of the branch sales, service and marketing activities, service at the branch meet or exceed customers expectations and sales and service operations are performed in compliance with the Banks policy, procedure, guideline and other pertinent regulation.",[],0
JD,Retail & Branch Banking,Branch,District,Customer Service Manager -Sales,12.0,,"To sale Bank products and services, mobilizes resources, expands service accessibility through alternatives channels, attend customer requests and create culture that meets or exceeds customers expectation as per the Banks policy, procedure, guideline and other pertinent regulation.",[],0
JD,Retail & Branch Banking,Branch,District,Customer Service Manager -Service,12.0,,"To serve the Banks customers, mobilizes resources, expands branch accessibility through alternatives channels, attained customers request and provides efficient and high quality service to customers as per the Banks policy, procedure, guideline and other pertinent regulation.",[],0
JD,Retail & Branch Banking,,District,Senior Branch Banking Officer-Sales,,Experienced Professional: EP,,"['Responsible for end-to-end sales of the Banks products and services to Retail and Wholesale customers', 'Handle digital channel subscription and utilization', 'Interact directly with customers throughout all phases of the sales processes', 'Identify customers need, propose/plan relevant products or services and ensure that customers have positive experiences from start to finish', 'Perform sales of Bank products, services and alternatives channels to retail and wholesale customers', 'Manage relationships with customers, serving as a key point of contact, from initial lead outreach to when a purchase is ultimately made', 'Make preparation, approach customers, make presentation, handle objections and close sales as the selling process passes through steps (starting from proposing up to closing and follow up)', 'Manage sale pipeline (awareness, interest, decision and action)', 'Undertake indoor and outdoor sales of products/services including digital penetration', 'Handle all prospective and existing customers inquiries in relation with sales', 'Identify potential customers, connect with leads and advise on a solution', 'Leverage central data, customer service team and other information for lead generation', 'Handle customer profiling and portfolio management', 'Handle agents and merchants recruitment as well as management in collaboration with the Relationship Team', 'Lead, train, coach and monitor performance of agents and merchants', 'Arrange meeting with customers and make calls', 'Train operation and junior staff about new products and services', 'Respond/troubleshoot digital banking technical problems at agent and merchant locations in consultation with IS', 'Discharge any product/service-related sales activities referred by the Branch Manager/Business Manager/Customer Service Manager Sales', 'Report periodically to the Customer Service Manager-Sales', 'Perform other assigned duties.']",21
JD,Retail & Branch Banking,,District,Senior Branch Banking Officer-Service,11.0,Experienced Professional: EP,,[],0
JD,Retail & Branch Banking,Branch,District,Branch Banking Officer,9.0,,"To sale Bank products and services, expands branch digital banking users, attained customers request and provides efficient and high-quality service to customers as per the Banks policy, procedure, guideline and other pertinent regulation.",[],0
JD,Retail & Branch Banking,,District,Branch Banking Officer-Service,9.0,Professional: P,"To serve the Banks customers, mobilizes resources, expands branch accessibility through alternatives channels, attained customers request and provides efficient and high-quality service to customers as per the Banks policy, procedure, guideline and other pertinent regulation.",[],0
JD,Retail & Branch Banking,,District,Retail Customer Relationship Manager,12.0,Experienced Professional: EP,"To attend Affluent Retail customers request at the branch, promote CBEs products and service, recruit new potential Affluent Retail customersso as to achieve organizational vision and strategic objectives.","['Strengthen relationship with Affluent Retail Customers', 'Maintain and managed Affluent Retail Customers profiling and portfolio', 'Serve as single point of contract for affluent customers', 'Provide assistance for Retail Affluent customers in using products and services', 'Selling of products and services to Retail Affluent Customers.', 'Handle the Affluent Retail customers request', 'Process all Affluent Retail customers requests', 'facilitate the provision of efficient and high quality service to Affluent Retail customers', 'Enhance the Banks image through pro-active customer driven servicing of their needs to maximize customer satisfaction', 'Ensure the fulfillment of overall tasks that have given to execute customer-focused service in the process', 'Ensure the needs of key customer are met without compromising business efficiency', 'Adhere strictly to compliance and operational risk controls in accordance with the Banks and regulatory standards, policies and practices', 'Perform the tasks within the agreed standards delivery time', 'Participate in resource mobilization initiatives of the Branch', 'Receive any Affluent Retail customers applications, verifies signature, conducts preliminary checking of applications and supporting documents against check list, and forwards to the concerned Banks organ for processing', 'Provide information and advises to customers', 'Promote CBE products and services to Affluent Retail customers', 'Recruit new Affluent Retail customers', 'Identify customers needs and forwards any new product ideas to Retail Business Development Department', 'Approve sales contracts', 'Perform other assigned duties.']",21
JD,Retail & Branch Banking,,District,Wholesale Customer Relationship Manager,12.0,Experienced Professional: EP,,[],0
JD,Retail & Branch Banking,,District,IFB Customer Relationship Manager,12.0,Experienced Professional: EP,"To attend Affluent Retail customers request at the branch, promote CBEs products and service, recruit new potential Affluent Retail customers so as to achieve organizational vision and strategic objectives.","['Strengthen relationship with IFB wholesale and Affluent Retail Customers', 'Maintain and managed IFB wholesale and Affluent Retail Customers profiling and portfolio', 'Serve as single point of contract for IFB wholesale and affluent Retail customers', 'Provide assistance for IFB wholesale and Retail Affluent customers in using products and services', 'Selling of products and services to IFB wholesale and Retail Affluent Customers.', 'Handle the IFB wholesale and Affluent Retail customers request', 'Process all IFB wholesale and Affluent Retail customers requests', 'Facilitate the provision of efficient and high quality service to IFB wholesale and Affluent Retail customers', 'Enhance the Banks image through pro-active customer driven servicing of their needs to maximize customer satisfaction', 'Ensure the fulfillment of overall tasks that have given to execute customer-focused service in the process', 'Ensures the needs of key customer are met without compromising business efficiency', 'Adheres strictly to compliance and operational risk controls in accordance with the Banks and regulatory standards, policies and practices', 'Performs the tasks within the agreed standards delivery time', 'Participates in resource mobilization initiatives of the Branch', 'Receives any IFB wholesale and Affluent Retail customers applications, verifies signature, conducts preliminary checking of applications and supporting documents against check list, and forwards to the concerned banks organ for processing', 'Provides information and advises to customers', 'Promotes CBE products and services to IFB wholesale and Affluent Retail customers', 'Recruits new IFB wholesale and Affluent Retail customers', 'Identifies customers needs and forwards any new product ideas to Product owners,', 'Perform other assigned duties.']",20
JD,Retail & Branch Banking,,,Digital Channel Officer,10.0,Professional: P,"To support branches in digital channel product sales and onsite training (Card Banking, Mobile Banking, Internet Banking , CBE Birr agent , merchant POS and CBE Birr merchant) and increase digital channel transaction so as to achieve the Banks vision and strategic objectives.",[],0
JD,Retail & Branch Banking,,,Junior Officer II,8.0,Junior Level: Junior Level,,[],0
JD,Retail & Branch Banking,,,Junior Officer I,7.0,Junior Level: Junior Level,,[],0
JD,Retail & Branch Banking,Branch,District,Bank Trainee,6.0,,,[],0
JD,Retail & Branch Banking,,District,Branch Operation Manager,13.0,Operative Level Management: OLM,"To ensure the branch cash management, reconcile book of accounts, transaction checking and authorization and archiving documents of the branch as per the Banks policy, procedure, guideline and other pertinent regulation so as to achieve Banks vision and strategic objectives.","['Manages the branch cash Operation', 'Manages the reconciliation of book of accounts', 'Ensures customer queries and complaints are properly handled', 'Facilitates efficient and high quality service to customers', 'Manages and maintain positive relationship with customer and staff', 'Promotes new and existing Banks products, service and alternative channels to the customers', 'Enhances the Banks image through pro-active handle customers and maximizes their satisfaction', 'Ensures all performers comply with regulatory standards, Banks policies, procedure, code of conduct and practices', 'Ensures the fulfillment of overall tasks that have given to execute customer-focused service in the process', 'Adheres strictly to compliance and operational risk controls in accordance with the Banks and regulatory standards, policies and practices', 'Ensures tasks are completed to the agreed standards within the agreed timescales', 'Countersigns on documents and transaction tickets and approve payments', 'Supervises the operation activities (i.e. general ledger management, cash operations and archiving, and logistics) in the Branch', 'Coordinates and develops annual/quarter/monthly operational plan of the branch', 'Ensures all books of accounts are balanced against GL', 'Ensures reconciliation of ATM and POS transaction', 'Monitors service levels against customer expectations', 'Follow ups timely settlement of suspense accounts', 'Handles cash vault dually and keeps confidentially the combination code of the branch vault and ATM', 'Prepares and implement periodic job rotation plan for the Branch Operation team', 'Approves payment of general expense items', 'Ensures that sufficient stock of forms and stationary materials are maintained', 'Review and consolidate Branch budgets', 'Ensures rectification of discrepancies reported by Manager Internal control or Internal auditors', 'Creates conducive work environment', 'Authorizes transactions', 'Handles petty cash', 'Analyzes the genuineness of expenses incurred by the branch', 'Examines cash excess and cash shortage', 'Ensures reconciliation, settlement of suspense accounts and produce periodic report of accounts balance', 'Overviews and checks all cash processes are properly executed and ensures compliance with all internal controls, standards and limits', 'Counter signs the daily cash book', 'Ensures cash operation, balance at the half day and end of day', 'Follows up regularly the cash holding limit of the branch', 'Ensures the correctness of end of day cash closing operation', 'Identifies areas of operational risk and prepare annual operational risk assessment report of the Branch Operation team', 'Ensures clearance of negotiable instruments', 'Perform other assigned duties.']",38
JD,Retail & Branch Banking,Branch,District,Senior Branch Banking Officer,11.0,,"To authorize transaction in line with the Bank's risk appetite without compromising the customer satisfaction, manage branch cash movement, handles customers request and provides efficient and high quality service, reconcile book of accounts, checks and control transaction and archiving documents of the branch as per the Banks policy, procedure, guideline and other pertinent regulation so as to achieve organizational vision and strategic objectives",[],0
JD,Retail & Branch Banking,Branch,District,Branch Banking Officer,9.0,,"To promote Bank products and services, attend customers request and provides efficient and high quality service to customers, checks and control transaction and archiving documents of the branch as per the Banks policy, procedure, guideline and other pertinent regulation so as to achieve organizational vision and strategic objectives.",[],0
JD,Retail & Branch Banking,Branch,District,Junior Officer II,8.0,Junior Level: Junior Level,,[],0
JD,Retail & Branch Banking,Branch,District,Junior Officer I,7.0,Junior Level: Junior Level,,[],0
JD,Retail & Branch Banking,,District,Branch Control Manager,13.0,Operative Level Management: OLM,"To ensure efficient and effective internal control system in the branch through regularly checks and monitors financial and non-financial transactions that comply with appropriate laws, and regulations, at branches and also Promotes internal Control Self-Assessment in the branch so as to achieve organizational vision and strategic objectives.","['Ensures compliance with appropriate laws, regulations, ethical norms and contracts at branches', 'Promotes and champions Internal Control Self-Assessment in the branch', 'Ensures efficient internal control management system in the branch', 'Manages and maintains positive relationship with customer and among staff:', 'Enhances the Banks image through continuous pro-active improvement:', 'Identifies the bottleneck and proposes solution that hinder branch from achieving its Objective', 'Proposes solution for the branch to provide efficient and high quality services to customers', 'Identifies and reports the reason for tasks not completed as per the standard timescales', 'Checks and monitors key financial and Non-financial transactions before/after effecting payments', 'Ensures the relevance, reliability, and credibility of all branch level financial and operating information', 'Performs daily ticket filing (source document)', 'Conducts surprise check on Officers cash box at any time', 'Ensures safeguarding of the Banks assets/resources', 'Assesses the Branch operations, transactions and work practices and report any deviation to district Internal control manager', 'Acts as a focal point for detection and Identification of risk exposures and use of effective mitigation strategies in branches', 'Ensures branch specific operational objectives are reasonably met', 'Promotes awareness on the internal control culture in the branch', 'Prepares daily/Weekly/Monthly/Quarterly report on major findings as case may be and submit report to the District control manager', 'Ensures the timely rectification of discrepancies as per the agreed action plan', 'Reviews monthly internal control self-assessment report by Business Managers and Operation Manager', ""Ensures the Branch Manager and the District Manager take appropriate remedial action on customers' complaints"", 'Ensures service levels are properly measured against customer expectation and Bank standard', 'Guides and supports to strengthen the internal control system in the branch', 'Ensures proper custody of all branch documents and archives key', 'Perform other assigned duties.']",25
JD,Retail & Branch Banking,Branch,District,Branch Controller,10.0,,"To ensure efficient and effective internal control system in the branch through regularly checks and monitors financial and non-financial transactions compliance against the appropriate laws, and regulations, at branches so as to achieve the Banks vision and strategic objectives.",[],0
